1,3,"/home/strongcourage/maip/src/server/mmt/pcaps/youtube7.pcap",1695745314.173780,"1.5.5 (6765397 - Nov 15 2022 15:51:03)","1.7.4 (c5a4a6b)","1.2.14 (d74aea4 - Nov 15 2022 15:48:49)"
1000,3,"/home/strongcourage/maip/src/server/mmt/pcaps/youtube7.pcap",1657197174.680904,"ipv4-event",4,1,0,1657197174.680904,1657197174.680904,20,72,"10.0.2.15","33.0.0.1"
1000,3,"/home/strongcourage/maip/src/server/mmt/pcaps/youtube7.pcap",1657197174.681153,"ipv4-event",4,2,0,1657197174.680904,1657197174.681153,20,72,"10.0.2.15","33.0.0.1"
1000,3,"/home/strongcourage/maip/src/server/mmt/pcaps/youtube7.pcap",1657197174.696326,"ipv4-event",4,1,1,1657197174.680904,1657197174.696326,20,365,"33.0.0.1","10.0.2.15"
1000,3,"/home/strongcourage/maip/src/server/mmt/pcaps/youtube7.pcap",1657197174.697855,"ipv4-event",4,2,1,1657197174.680904,1657197174.697855,20,221,"33.0.0.1","10.0.2.15"
1000,3,"/home/strongcourage/maip/src/server/mmt/pcaps/youtube7.pcap",1657197174.699113,"ipv4-event",4,3,1,1657197174.680904,1657197174.699113,20,60,"10.0.2.15","216.58.201.238"
1000,3,"/home/strongcourage/maip/src/server/mmt/pcaps/youtube7.pcap",1657197174.699113,"tcp-event",33562,443,0,0,1,0,0,0,0,0,0,3,1
1000,3,"/home/strongcourage/maip/src/server/mmt/pcaps/youtube7.pcap",1657197174.702898,"ipv4-event",4,3,0,1657197174.680904,1657197174.702898,20,44,"216.58.201.238","10.0.2.15"
1000,3,"/home/strongcourage/maip/src/server/mmt/pcaps/youtube7.pcap",1657197174.702898,"tcp-event",443,33562,0,0,1,0,0,1,0,0,0,3,0
1000,3,"/home/strongcourage/maip/src/server/mmt/pcaps/youtube7.pcap",1657197174.702938,"ipv4-event",4,3,1,1657197174.680904,1657197174.702938,20,40,"10.0.2.15","216.58.201.238"
1000,3,"/home/strongcourage/maip/src/server/mmt/pcaps/youtube7.pcap",1657197174.702938,"tcp-event",33562,443,0,0,0,0,0,1,0,0,0,3,1
1000,3,"/home/strongcourage/maip/src/server/mmt/pcaps/youtube7.pcap",1657197174.703944,"ipv4-event",4,3,1,1657197174.680904,1657197174.703944,20,449,"10.0.2.15","216.58.201.238"
1000,3,"/home/strongcourage/maip/src/server/mmt/pcaps/youtube7.pcap",1657197174.703944,"tcp-event",33562,443,409,0,0,0,1,1,0,0,0,3,1
1000,3,"/home/strongcourage/maip/src/server/mmt/pcaps/youtube7.pcap",1657197174.703944,"tls-event",769,22,404,0,3,1
1000,3,"/home/strongcourage/maip/src/server/mmt/pcaps/youtube7.pcap",1657197174.704283,"ipv4-event",4,3,0,1657197174.680904,1657197174.704283,20,40,"216.58.201.238","10.0.2.15"
1000,3,"/home/strongcourage/maip/src/server/mmt/pcaps/youtube7.pcap",1657197174.704283,"tcp-event",443,33562,0,0,0,0,0,1,0,0,0,3,0
1000,3,"/home/strongcourage/maip/src/server/mmt/pcaps/youtube7.pcap",1657197174.712552,"ipv4-event",4,3,0,1657197174.680904,1657197174.712552,20,2900,"216.58.201.238","10.0.2.15"
1000,3,"/home/strongcourage/maip/src/server/mmt/pcaps/youtube7.pcap",1657197174.712552,"tcp-event",443,33562,2860,0,0,0,1,1,0,0,0,3,0
1000,3,"/home/strongcourage/maip/src/server/mmt/pcaps/youtube7.pcap",1657197174.712552,"tls-event",771,22,122,0,3,0
1000,3,"/home/strongcourage/maip/src/server/mmt/pcaps/youtube7.pcap",1657197174.712575,"ipv4-event",4,3,1,1657197174.680904,1657197174.712575,20,40,"10.0.2.15","216.58.201.238"
1000,3,"/home/strongcourage/maip/src/server/mmt/pcaps/youtube7.pcap",1657197174.712575,"tcp-event",33562,443,0,0,0,0,0,1,0,0,0,3,1
1000,3,"/home/strongcourage/maip/src/server/mmt/pcaps/youtube7.pcap",1657197174.712963,"ipv4-event",4,3,0,1657197174.680904,1657197174.712963,20,1470,"216.58.201.238","10.0.2.15"
1000,3,"/home/strongcourage/maip/src/server/mmt/pcaps/youtube7.pcap",1657197174.712963,"tcp-event",443,33562,1430,0,0,0,1,1,0,0,0,3,0
1000,3,"/home/strongcourage/maip/src/server/mmt/pcaps/youtube7.pcap",1657197174.712974,"ipv4-event",4,3,1,1657197174.680904,1657197174.712974,20,40,"10.0.2.15","216.58.201.238"
1000,3,"/home/strongcourage/maip/src/server/mmt/pcaps/youtube7.pcap",1657197174.712974,"tcp-event",33562,443,0,0,0,0,0,1,0,0,0,3,1
1000,3,"/home/strongcourage/maip/src/server/mmt/pcaps/youtube7.pcap",1657197174.713811,"ipv4-event",4,3,0,1657197174.680904,1657197174.713811,20,1470,"216.58.201.238","10.0.2.15"
1000,3,"/home/strongcourage/maip/src/server/mmt/pcaps/youtube7.pcap",1657197174.713811,"tcp-event",443,33562,1430,0,0,0,1,1,0,0,0,3,0
1000,3,"/home/strongcourage/maip/src/server/mmt/pcaps/youtube7.pcap",1657197174.713821,"ipv4-event",4,3,1,1657197174.680904,1657197174.713821,20,40,"10.0.2.15","216.58.201.238"
1000,3,"/home/strongcourage/maip/src/server/mmt/pcaps/youtube7.pcap",1657197174.713821,"tcp-event",33562,443,0,0,0,0,0,1,0,0,0,3,1
1000,3,"/home/strongcourage/maip/src/server/mmt/pcaps/youtube7.pcap",1657197174.714065,"ipv4-event",4,3,0,1657197174.680904,1657197174.714065,20,997,"216.58.201.238","10.0.2.15"
1000,3,"/home/strongcourage/maip/src/server/mmt/pcaps/youtube7.pcap",1657197174.714065,"tcp-event",443,33562,957,0,0,0,1,1,0,0,0,3,0
1000,3,"/home/strongcourage/maip/src/server/mmt/pcaps/youtube7.pcap",1657197174.714073,"ipv4-event",4,3,1,1657197174.680904,1657197174.714073,20,40,"10.0.2.15","216.58.201.238"
1000,3,"/home/strongcourage/maip/src/server/mmt/pcaps/youtube7.pcap",1657197174.714073,"tcp-event",33562,443,0,0,0,0,0,1,0,0,0,3,1
1000,3,"/home/strongcourage/maip/src/server/mmt/pcaps/youtube7.pcap",1657197174.719705,"ipv4-event",4,3,1,1657197174.680904,1657197174.719705,20,120,"10.0.2.15","216.58.201.238"
1000,3,"/home/strongcourage/maip/src/server/mmt/pcaps/youtube7.pcap",1657197174.719705,"tcp-event",33562,443,80,0,0,0,1,1,0,0,0,3,1
1000,3,"/home/strongcourage/maip/src/server/mmt/pcaps/youtube7.pcap",1657197174.719705,"tls-event",771,20,1,0,3,1
1000,3,"/home/strongcourage/maip/src/server/mmt/pcaps/youtube7.pcap",1657197174.720004,"ipv4-event",4,3,0,1657197174.680904,1657197174.720004,20,40,"216.58.201.238","10.0.2.15"
1000,3,"/home/strongcourage/maip/src/server/mmt/pcaps/youtube7.pcap",1657197174.720004,"tcp-event",443,33562,0,0,0,0,0,1,0,0,0,3,0
1000,3,"/home/strongcourage/maip/src/server/mmt/pcaps/youtube7.pcap",1657197174.720162,"ipv4-event",4,3,1,1657197174.680904,1657197174.720162,20,226,"10.0.2.15","216.58.201.238"
1000,3,"/home/strongcourage/maip/src/server/mmt/pcaps/youtube7.pcap",1657197174.720162,"tcp-event",33562,443,186,0,0,0,1,1,0,0,0,3,1
1000,3,"/home/strongcourage/maip/src/server/mmt/pcaps/youtube7.pcap",1657197174.720162,"tls-event",771,23,181,0,3,1
1000,3,"/home/strongcourage/maip/src/server/mmt/pcaps/youtube7.pcap",1657197174.720508,"ipv4-event",4,3,0,1657197174.680904,1657197174.720508,20,40,"216.58.201.238","10.0.2.15"
1000,3,"/home/strongcourage/maip/src/server/mmt/pcaps/youtube7.pcap",1657197174.720508,"tcp-event",443,33562,0,0,0,0,0,1,0,0,0,3,0
1000,3,"/home/strongcourage/maip/src/server/mmt/pcaps/youtube7.pcap",1657197174.744061,"ipv4-event",4,3,0,1657197174.680904,1657197174.744061,20,1470,"216.58.201.238","10.0.2.15"
1000,3,"/home/strongcourage/maip/src/server/mmt/pcaps/youtube7.pcap",1657197174.744061,"tcp-event",443,33562,1430,0,0,0,1,1,0,0,0,3,0
1000,3,"/home/strongcourage/maip/src/server/mmt/pcaps/youtube7.pcap",1657197174.744061,"tls-event",771,23,567,0,3,0
1000,3,"/home/strongcourage/maip/src/server/mmt/pcaps/youtube7.pcap",1657197174.744062,"ipv4-event",4,3,0,1657197174.680904,1657197174.744062,20,905,"216.58.201.238","10.0.2.15"
1000,3,"/home/strongcourage/maip/src/server/mmt/pcaps/youtube7.pcap",1657197174.744062,"tcp-event",443,33562,865,0,0,0,1,1,0,0,0,3,0
1000,3,"/home/strongcourage/maip/src/server/mmt/pcaps/youtube7.pcap",1657197174.744089,"ipv4-event",4,3,1,1657197174.680904,1657197174.744089,20,40,"10.0.2.15","216.58.201.238"
1000,3,"/home/strongcourage/maip/src/server/mmt/pcaps/youtube7.pcap",1657197174.744089,"tcp-event",33562,443,0,0,0,0,0,1,0,0,0,3,1
1000,3,"/home/strongcourage/maip/src/server/mmt/pcaps/youtube7.pcap",1657197174.744120,"ipv4-event",4,3,1,1657197174.680904,1657197174.744120,20,40,"10.0.2.15","216.58.201.238"
1000,3,"/home/strongcourage/maip/src/server/mmt/pcaps/youtube7.pcap",1657197174.744120,"tcp-event",33562,443,0,0,0,0,0,1,0,0,0,3,1
1000,3,"/home/strongcourage/maip/src/server/mmt/pcaps/youtube7.pcap",1657197174.746587,"ipv4-event",4,4,0,1657197174.680904,1657197174.746587,20,76,"10.0.2.15","33.0.0.1"
1000,3,"/home/strongcourage/maip/src/server/mmt/pcaps/youtube7.pcap",1657197174.747266,"ipv4-event",4,5,0,1657197174.680904,1657197174.747266,20,76,"10.0.2.15","33.0.0.1"
1000,3,"/home/strongcourage/maip/src/server/mmt/pcaps/youtube7.pcap",1657197174.760720,"ipv4-event",4,4,1,1657197174.680904,1657197174.760720,20,92,"33.0.0.1","10.0.2.15"
1000,3,"/home/strongcourage/maip/src/server/mmt/pcaps/youtube7.pcap",1657197174.762282,"ipv4-event",4,5,1,1657197174.680904,1657197174.762282,20,104,"33.0.0.1","10.0.2.15"
1000,3,"/home/strongcourage/maip/src/server/mmt/pcaps/youtube7.pcap",1657197174.763250,"ipv4-event",4,6,1,1657197174.680904,1657197174.763250,20,60,"10.0.2.15","216.58.213.174"
1000,3,"/home/strongcourage/maip/src/server/mmt/pcaps/youtube7.pcap",1657197174.763250,"tcp-event",58774,443,0,0,1,0,0,0,0,0,0,6,1
1000,3,"/home/strongcourage/maip/src/server/mmt/pcaps/youtube7.pcap",1657197174.768036,"ipv4-event",4,6,0,1657197174.680904,1657197174.768036,20,44,"216.58.213.174","10.0.2.15"
1000,3,"/home/strongcourage/maip/src/server/mmt/pcaps/youtube7.pcap",1657197174.768036,"tcp-event",443,58774,0,0,1,0,0,1,0,0,0,6,0
1000,3,"/home/strongcourage/maip/src/server/mmt/pcaps/youtube7.pcap",1657197174.768065,"ipv4-event",4,6,1,1657197174.680904,1657197174.768065,20,40,"10.0.2.15","216.58.213.174"
1000,3,"/home/strongcourage/maip/src/server/mmt/pcaps/youtube7.pcap",1657197174.768065,"tcp-event",58774,443,0,0,0,0,0,1,0,0,0,6,1
1000,3,"/home/strongcourage/maip/src/server/mmt/pcaps/youtube7.pcap",1657197174.768872,"ipv4-event",4,6,1,1657197174.680904,1657197174.768872,20,453,"10.0.2.15","216.58.213.174"
1000,3,"/home/strongcourage/maip/src/server/mmt/pcaps/youtube7.pcap",1657197174.768872,"tcp-event",58774,443,413,0,0,0,1,1,0,0,0,6,1
1000,3,"/home/strongcourage/maip/src/server/mmt/pcaps/youtube7.pcap",1657197174.768872,"tls-event",769,22,408,0,6,1
1000,3,"/home/strongcourage/maip/src/server/mmt/pcaps/youtube7.pcap",1657197174.769265,"ipv4-event",4,6,0,1657197174.680904,1657197174.769265,20,40,"216.58.213.174","10.0.2.15"
1000,3,"/home/strongcourage/maip/src/server/mmt/pcaps/youtube7.pcap",1657197174.769265,"tcp-event",443,58774,0,0,0,0,0,1,0,0,0,6,0
1000,3,"/home/strongcourage/maip/src/server/mmt/pcaps/youtube7.pcap",1657197174.778112,"ipv4-event",4,6,0,1657197174.680904,1657197174.778112,20,2900,"216.58.213.174","10.0.2.15"
1000,3,"/home/strongcourage/maip/src/server/mmt/pcaps/youtube7.pcap",1657197174.778112,"tcp-event",443,58774,2860,0,0,0,1,1,0,0,0,6,0
1000,3,"/home/strongcourage/maip/src/server/mmt/pcaps/youtube7.pcap",1657197174.778112,"tls-event",771,22,122,0,6,0
1000,3,"/home/strongcourage/maip/src/server/mmt/pcaps/youtube7.pcap",1657197174.778132,"ipv4-event",4,6,1,1657197174.680904,1657197174.778132,20,40,"10.0.2.15","216.58.213.174"
1000,3,"/home/strongcourage/maip/src/server/mmt/pcaps/youtube7.pcap",1657197174.778132,"tcp-event",58774,443,0,0,0,0,0,1,0,0,0,6,1
1000,3,"/home/strongcourage/maip/src/server/mmt/pcaps/youtube7.pcap",1657197174.778469,"ipv4-event",4,6,0,1657197174.680904,1657197174.778469,20,1470,"216.58.213.174","10.0.2.15"
1000,3,"/home/strongcourage/maip/src/server/mmt/pcaps/youtube7.pcap",1657197174.778469,"tcp-event",443,58774,1430,0,0,0,1,1,0,0,0,6,0
1000,3,"/home/strongcourage/maip/src/server/mmt/pcaps/youtube7.pcap",1657197174.778484,"ipv4-event",4,6,1,1657197174.680904,1657197174.778484,20,40,"10.0.2.15","216.58.213.174"
1000,3,"/home/strongcourage/maip/src/server/mmt/pcaps/youtube7.pcap",1657197174.778484,"tcp-event",58774,443,0,0,0,0,0,1,0,0,0,6,1
1000,3,"/home/strongcourage/maip/src/server/mmt/pcaps/youtube7.pcap",1657197174.779065,"ipv4-event",4,6,0,1657197174.680904,1657197174.779065,20,1470,"216.58.213.174","10.0.2.15"
1000,3,"/home/strongcourage/maip/src/server/mmt/pcaps/youtube7.pcap",1657197174.779065,"tcp-event",443,58774,1430,0,0,0,1,1,0,0,0,6,0
1000,3,"/home/strongcourage/maip/src/server/mmt/pcaps/youtube7.pcap",1657197174.779093,"ipv4-event",4,6,1,1657197174.680904,1657197174.779093,20,40,"10.0.2.15","216.58.213.174"
1000,3,"/home/strongcourage/maip/src/server/mmt/pcaps/youtube7.pcap",1657197174.779093,"tcp-event",58774,443,0,0,0,0,0,1,0,0,0,6,1
1000,3,"/home/strongcourage/maip/src/server/mmt/pcaps/youtube7.pcap",1657197174.779200,"ipv4-event",4,6,0,1657197174.680904,1657197174.779200,20,996,"216.58.213.174","10.0.2.15"
1000,3,"/home/strongcourage/maip/src/server/mmt/pcaps/youtube7.pcap",1657197174.779200,"tcp-event",443,58774,956,0,0,0,1,1,0,0,0,6,0
1000,3,"/home/strongcourage/maip/src/server/mmt/pcaps/youtube7.pcap",1657197174.779204,"ipv4-event",4,6,1,1657197174.680904,1657197174.779204,20,40,"10.0.2.15","216.58.213.174"
1000,3,"/home/strongcourage/maip/src/server/mmt/pcaps/youtube7.pcap",1657197174.779204,"tcp-event",58774,443,0,0,0,0,0,1,0,0,0,6,1
1000,3,"/home/strongcourage/maip/src/server/mmt/pcaps/youtube7.pcap",1657197174.782038,"ipv4-event",4,6,1,1657197174.680904,1657197174.782038,20,120,"10.0.2.15","216.58.213.174"
1000,3,"/home/strongcourage/maip/src/server/mmt/pcaps/youtube7.pcap",1657197174.782038,"tcp-event",58774,443,80,0,0,0,1,1,0,0,0,6,1
1000,3,"/home/strongcourage/maip/src/server/mmt/pcaps/youtube7.pcap",1657197174.782038,"tls-event",771,20,1,0,6,1
1000,3,"/home/strongcourage/maip/src/server/mmt/pcaps/youtube7.pcap",1657197174.782943,"ipv4-event",4,6,0,1657197174.680904,1657197174.782943,20,40,"216.58.213.174","10.0.2.15"
1000,3,"/home/strongcourage/maip/src/server/mmt/pcaps/youtube7.pcap",1657197174.782943,"tcp-event",443,58774,0,0,0,0,0,1,0,0,0,6,0
1000,3,"/home/strongcourage/maip/src/server/mmt/pcaps/youtube7.pcap",1657197174.782963,"ipv4-event",4,6,1,1657197174.680904,1657197174.782963,20,417,"10.0.2.15","216.58.213.174"
1000,3,"/home/strongcourage/maip/src/server/mmt/pcaps/youtube7.pcap",1657197174.782963,"tcp-event",58774,443,377,0,0,0,1,1,0,0,0,6,1
1000,3,"/home/strongcourage/maip/src/server/mmt/pcaps/youtube7.pcap",1657197174.782963,"tls-event",771,23,372,0,6,1
1000,3,"/home/strongcourage/maip/src/server/mmt/pcaps/youtube7.pcap",1657197174.783284,"ipv4-event",4,6,0,1657197174.680904,1657197174.783284,20,40,"216.58.213.174","10.0.2.15"
1000,3,"/home/strongcourage/maip/src/server/mmt/pcaps/youtube7.pcap",1657197174.783284,"tcp-event",443,58774,0,0,0,0,0,1,0,0,0,6,0
1000,3,"/home/strongcourage/maip/src/server/mmt/pcaps/youtube7.pcap",1657197174.830985,"ipv4-event",4,6,0,1657197174.680904,1657197174.830985,20,2027,"216.58.213.174","10.0.2.15"
1000,3,"/home/strongcourage/maip/src/server/mmt/pcaps/youtube7.pcap",1657197174.830985,"tcp-event",443,58774,1987,0,0,0,1,1,0,0,0,6,0
1000,3,"/home/strongcourage/maip/src/server/mmt/pcaps/youtube7.pcap",1657197174.830985,"tls-event",771,23,567,0,6,0
1000,3,"/home/strongcourage/maip/src/server/mmt/pcaps/youtube7.pcap",1657197174.831009,"ipv4-event",4,6,1,1657197174.680904,1657197174.831009,20,40,"10.0.2.15","216.58.213.174"
1000,3,"/home/strongcourage/maip/src/server/mmt/pcaps/youtube7.pcap",1657197174.831009,"tcp-event",58774,443,0,0,0,0,0,1,0,0,0,6,1
1000,3,"/home/strongcourage/maip/src/server/mmt/pcaps/youtube7.pcap",1657197174.831639,"ipv4-event",4,3,1,1657197174.680904,1657197174.831639,20,64,"10.0.2.15","216.58.201.238"
1000,3,"/home/strongcourage/maip/src/server/mmt/pcaps/youtube7.pcap",1657197174.831639,"tcp-event",33562,443,24,0,0,0,1,1,0,0,0,3,1
1000,3,"/home/strongcourage/maip/src/server/mmt/pcaps/youtube7.pcap",1657197174.831639,"tls-event",771,23,19,0,3,1
1000,3,"/home/strongcourage/maip/src/server/mmt/pcaps/youtube7.pcap",1657197174.832023,"ipv4-event",4,3,0,1657197174.680904,1657197174.832023,20,40,"216.58.201.238","10.0.2.15"
1000,3,"/home/strongcourage/maip/src/server/mmt/pcaps/youtube7.pcap",1657197174.832023,"tcp-event",443,33562,0,0,0,0,0,1,0,0,0,3,0
1000,3,"/home/strongcourage/maip/src/server/mmt/pcaps/youtube7.pcap",1657197174.832058,"ipv4-event",4,3,1,1657197174.680904,1657197174.832058,20,40,"10.0.2.15","216.58.201.238"
1000,3,"/home/strongcourage/maip/src/server/mmt/pcaps/youtube7.pcap",1657197174.832058,"tcp-event",33562,443,0,1,0,0,0,1,0,0,0,3,1
1000,3,"/home/strongcourage/maip/src/server/mmt/pcaps/youtube7.pcap",1657197174.832240,"ipv4-event",4,3,0,1657197174.680904,1657197174.832240,20,40,"216.58.201.238","10.0.2.15"
1000,3,"/home/strongcourage/maip/src/server/mmt/pcaps/youtube7.pcap",1657197174.832240,"tcp-event",443,33562,0,0,0,0,0,1,0,0,0,3,0
1000,3,"/home/strongcourage/maip/src/server/mmt/pcaps/youtube7.pcap",1657197174.833085,"ipv4-event",4,6,1,1657197174.680904,1657197174.833085,20,402,"10.0.2.15","216.58.213.174"
1000,3,"/home/strongcourage/maip/src/server/mmt/pcaps/youtube7.pcap",1657197174.833085,"tcp-event",58774,443,362,0,0,0,1,1,0,0,0,6,1
1000,3,"/home/strongcourage/maip/src/server/mmt/pcaps/youtube7.pcap",1657197174.833085,"tls-event",771,23,357,0,6,1
1000,3,"/home/strongcourage/maip/src/server/mmt/pcaps/youtube7.pcap",1657197174.833325,"ipv4-event",4,6,0,1657197174.680904,1657197174.833325,20,40,"216.58.213.174","10.0.2.15"
1000,3,"/home/strongcourage/maip/src/server/mmt/pcaps/youtube7.pcap",1657197174.833325,"tcp-event",443,58774,0,0,0,0,0,1,0,0,0,6,0
1000,3,"/home/strongcourage/maip/src/server/mmt/pcaps/youtube7.pcap",1657197174.835078,"ipv4-event",4,3,0,1657197174.680904,1657197174.835078,20,40,"216.58.201.238","10.0.2.15"
1000,3,"/home/strongcourage/maip/src/server/mmt/pcaps/youtube7.pcap",1657197174.835078,"tcp-event",443,33562,0,1,0,0,0,1,0,0,0,3,0
1000,3,"/home/strongcourage/maip/src/server/mmt/pcaps/youtube7.pcap",1657197174.835098,"ipv4-event",4,3,1,1657197174.680904,1657197174.835098,20,40,"10.0.2.15","216.58.201.238"
1000,3,"/home/strongcourage/maip/src/server/mmt/pcaps/youtube7.pcap",1657197174.835098,"tcp-event",33562,443,0,0,0,0,0,1,0,0,0,3,1
1000,3,"/home/strongcourage/maip/src/server/mmt/pcaps/youtube7.pcap",1657197174.866974,"ipv4-event",4,6,0,1657197174.680904,1657197174.866974,20,2900,"216.58.213.174","10.0.2.15"
1000,3,"/home/strongcourage/maip/src/server/mmt/pcaps/youtube7.pcap",1657197174.866974,"tcp-event",443,58774,2860,0,0,0,1,1,0,0,0,6,0
1000,3,"/home/strongcourage/maip/src/server/mmt/pcaps/youtube7.pcap",1657197174.866974,"tls-event",771,23,1425,0,6,0
1000,3,"/home/strongcourage/maip/src/server/mmt/pcaps/youtube7.pcap",1657197174.866997,"ipv4-event",4,6,1,1657197174.680904,1657197174.866997,20,40,"10.0.2.15","216.58.213.174"
1000,3,"/home/strongcourage/maip/src/server/mmt/pcaps/youtube7.pcap",1657197174.866997,"tcp-event",58774,443,0,0,0,0,0,1,0,0,0,6,1
1000,3,"/home/strongcourage/maip/src/server/mmt/pcaps/youtube7.pcap",1657197174.867167,"ipv4-event",4,6,0,1657197174.680904,1657197174.867167,20,1470,"216.58.213.174","10.0.2.15"
1000,3,"/home/strongcourage/maip/src/server/mmt/pcaps/youtube7.pcap",1657197174.867167,"tcp-event",443,58774,1430,0,0,0,1,1,0,0,0,6,0
1000,3,"/home/strongcourage/maip/src/server/mmt/pcaps/youtube7.pcap",1657197174.867167,"tls-event",771,23,1425,0,6,0
1000,3,"/home/strongcourage/maip/src/server/mmt/pcaps/youtube7.pcap",1657197174.867178,"ipv4-event",4,6,1,1657197174.680904,1657197174.867178,20,40,"10.0.2.15","216.58.213.174"
1000,3,"/home/strongcourage/maip/src/server/mmt/pcaps/youtube7.pcap",1657197174.867178,"tcp-event",58774,443,0,0,0,0,0,1,0,0,0,6,1
1000,3,"/home/strongcourage/maip/src/server/mmt/pcaps/youtube7.pcap",1657197174.868044,"ipv4-event",4,6,0,1657197174.680904,1657197174.868044,20,1470,"216.58.213.174","10.0.2.15"
1000,3,"/home/strongcourage/maip/src/server/mmt/pcaps/youtube7.pcap",1657197174.868044,"tcp-event",443,58774,1430,0,0,0,1,1,0,0,0,6,0
1000,3,"/home/strongcourage/maip/src/server/mmt/pcaps/youtube7.pcap",1657197174.868044,"tls-event",771,23,1425,0,6,0
1000,3,"/home/strongcourage/maip/src/server/mmt/pcaps/youtube7.pcap",1657197174.868056,"ipv4-event",4,6,1,1657197174.680904,1657197174.868056,20,40,"10.0.2.15","216.58.213.174"
1000,3,"/home/strongcourage/maip/src/server/mmt/pcaps/youtube7.pcap",1657197174.868056,"tcp-event",58774,443,0,0,0,0,0,1,0,0,0,6,1
1000,3,"/home/strongcourage/maip/src/server/mmt/pcaps/youtube7.pcap",1657197174.868160,"ipv4-event",4,6,0,1657197174.680904,1657197174.868160,20,1470,"216.58.213.174","10.0.2.15"
1000,3,"/home/strongcourage/maip/src/server/mmt/pcaps/youtube7.pcap",1657197174.868160,"tcp-event",443,58774,1430,0,0,0,1,1,0,0,0,6,0
1000,3,"/home/strongcourage/maip/src/server/mmt/pcaps/youtube7.pcap",1657197174.868160,"tls-event",771,23,1425,0,6,0
1000,3,"/home/strongcourage/maip/src/server/mmt/pcaps/youtube7.pcap",1657197174.868167,"ipv4-event",4,6,1,1657197174.680904,1657197174.868167,20,40,"10.0.2.15","216.58.213.174"
1000,3,"/home/strongcourage/maip/src/server/mmt/pcaps/youtube7.pcap",1657197174.868167,"tcp-event",58774,443,0,0,0,0,0,1,0,0,0,6,1
1000,3,"/home/strongcourage/maip/src/server/mmt/pcaps/youtube7.pcap",1657197174.868450,"ipv4-event",4,6,0,1657197174.680904,1657197174.868450,20,1470,"216.58.213.174","10.0.2.15"
1000,3,"/home/strongcourage/maip/src/server/mmt/pcaps/youtube7.pcap",1657197174.868450,"tcp-event",443,58774,1430,0,0,0,1,1,0,0,0,6,0
1000,3,"/home/strongcourage/maip/src/server/mmt/pcaps/youtube7.pcap",1657197174.868450,"tls-event",771,23,1425,0,6,0
1000,3,"/home/strongcourage/maip/src/server/mmt/pcaps/youtube7.pcap",1657197174.868455,"ipv4-event",4,6,1,1657197174.680904,1657197174.868455,20,40,"10.0.2.15","216.58.213.174"
1000,3,"/home/strongcourage/maip/src/server/mmt/pcaps/youtube7.pcap",1657197174.868455,"tcp-event",58774,443,0,0,0,0,0,1,0,0,0,6,1
1000,3,"/home/strongcourage/maip/src/server/mmt/pcaps/youtube7.pcap",1657197174.869114,"ipv4-event",4,6,0,1657197174.680904,1657197174.869114,20,1470,"216.58.213.174","10.0.2.15"
1000,3,"/home/strongcourage/maip/src/server/mmt/pcaps/youtube7.pcap",1657197174.869114,"tcp-event",443,58774,1430,0,0,0,1,1,0,0,0,6,0
1000,3,"/home/strongcourage/maip/src/server/mmt/pcaps/youtube7.pcap",1657197174.869114,"tls-event",771,23,1425,0,6,0
1000,3,"/home/strongcourage/maip/src/server/mmt/pcaps/youtube7.pcap",1657197174.869120,"ipv4-event",4,6,1,1657197174.680904,1657197174.869120,20,40,"10.0.2.15","216.58.213.174"
1000,3,"/home/strongcourage/maip/src/server/mmt/pcaps/youtube7.pcap",1657197174.869120,"tcp-event",58774,443,0,0,0,0,0,1,0,0,0,6,1
1000,3,"/home/strongcourage/maip/src/server/mmt/pcaps/youtube7.pcap",1657197174.869789,"ipv4-event",4,6,0,1657197174.680904,1657197174.869789,20,1470,"216.58.213.174","10.0.2.15"
1000,3,"/home/strongcourage/maip/src/server/mmt/pcaps/youtube7.pcap",1657197174.869789,"tcp-event",443,58774,1430,0,0,0,1,1,0,0,0,6,0
1000,3,"/home/strongcourage/maip/src/server/mmt/pcaps/youtube7.pcap",1657197174.869789,"tls-event",771,23,1425,0,6,0
1000,3,"/home/strongcourage/maip/src/server/mmt/pcaps/youtube7.pcap",1657197174.869795,"ipv4-event",4,6,1,1657197174.680904,1657197174.869795,20,40,"10.0.2.15","216.58.213.174"
1000,3,"/home/strongcourage/maip/src/server/mmt/pcaps/youtube7.pcap",1657197174.869795,"tcp-event",58774,443,0,0,0,0,0,1,0,0,0,6,1
1000,3,"/home/strongcourage/maip/src/server/mmt/pcaps/youtube7.pcap",1657197174.870251,"ipv4-event",4,6,0,1657197174.680904,1657197174.870251,20,628,"216.58.213.174","10.0.2.15"
1000,3,"/home/strongcourage/maip/src/server/mmt/pcaps/youtube7.pcap",1657197174.870251,"tcp-event",443,58774,588,0,0,0,1,1,0,0,0,6,0
1000,3,"/home/strongcourage/maip/src/server/mmt/pcaps/youtube7.pcap",1657197174.870251,"tls-event",771,23,583,0,6,0
1000,3,"/home/strongcourage/maip/src/server/mmt/pcaps/youtube7.pcap",1657197174.870256,"ipv4-event",4,6,1,1657197174.680904,1657197174.870256,20,40,"10.0.2.15","216.58.213.174"
1000,3,"/home/strongcourage/maip/src/server/mmt/pcaps/youtube7.pcap",1657197174.870256,"tcp-event",58774,443,0,0,0,0,0,1,0,0,0,6,1
1000,3,"/home/strongcourage/maip/src/server/mmt/pcaps/youtube7.pcap",1657197174.871136,"ipv4-event",4,6,0,1657197174.680904,1657197174.871136,20,1470,"216.58.213.174","10.0.2.15"
1000,3,"/home/strongcourage/maip/src/server/mmt/pcaps/youtube7.pcap",1657197174.871136,"tcp-event",443,58774,1430,0,0,0,1,1,0,0,0,6,0
1000,3,"/home/strongcourage/maip/src/server/mmt/pcaps/youtube7.pcap",1657197174.871136,"tls-event",771,23,1425,0,6,0
1000,3,"/home/strongcourage/maip/src/server/mmt/pcaps/youtube7.pcap",1657197174.872476,"ipv4-event",4,6,0,1657197174.680904,1657197174.872476,20,1470,"216.58.213.174","10.0.2.15"
1000,3,"/home/strongcourage/maip/src/server/mmt/pcaps/youtube7.pcap",1657197174.872476,"tcp-event",443,58774,1430,0,0,0,1,1,0,0,0,6,0
1000,3,"/home/strongcourage/maip/src/server/mmt/pcaps/youtube7.pcap",1657197174.872476,"tls-event",771,23,1425,0,6,0
1000,3,"/home/strongcourage/maip/src/server/mmt/pcaps/youtube7.pcap",1657197174.872482,"ipv4-event",4,6,1,1657197174.680904,1657197174.872482,20,40,"10.0.2.15","216.58.213.174"
1000,3,"/home/strongcourage/maip/src/server/mmt/pcaps/youtube7.pcap",1657197174.872482,"tcp-event",58774,443,0,0,0,0,0,1,0,0,0,6,1
1000,3,"/home/strongcourage/maip/src/server/mmt/pcaps/youtube7.pcap",1657197174.872963,"ipv4-event",4,6,0,1657197174.680904,1657197174.872963,20,1312,"216.58.213.174","10.0.2.15"
1000,3,"/home/strongcourage/maip/src/server/mmt/pcaps/youtube7.pcap",1657197174.872963,"tcp-event",443,58774,1272,0,0,0,1,1,0,0,0,6,0
1000,3,"/home/strongcourage/maip/src/server/mmt/pcaps/youtube7.pcap",1657197174.872963,"tls-event",771,23,1267,0,6,0
1000,3,"/home/strongcourage/maip/src/server/mmt/pcaps/youtube7.pcap",1657197174.872988,"ipv4-event",4,6,1,1657197174.680904,1657197174.872988,20,40,"10.0.2.15","216.58.213.174"
1000,3,"/home/strongcourage/maip/src/server/mmt/pcaps/youtube7.pcap",1657197174.872988,"tcp-event",58774,443,0,0,0,0,0,1,0,0,0,6,1
1000,3,"/home/strongcourage/maip/src/server/mmt/pcaps/youtube7.pcap",1657197174.873629,"ipv4-event",4,6,0,1657197174.680904,1657197174.873629,20,67,"216.58.213.174","10.0.2.15"
1000,3,"/home/strongcourage/maip/src/server/mmt/pcaps/youtube7.pcap",1657197174.873629,"tcp-event",443,58774,27,0,0,0,1,1,0,0,0,6,0
1000,3,"/home/strongcourage/maip/src/server/mmt/pcaps/youtube7.pcap",1657197174.873629,"tls-event",771,23,22,0,6,0
1000,3,"/home/strongcourage/maip/src/server/mmt/pcaps/youtube7.pcap",1657197174.873653,"ipv4-event",4,6,1,1657197174.680904,1657197174.873653,20,40,"10.0.2.15","216.58.213.174"
1000,3,"/home/strongcourage/maip/src/server/mmt/pcaps/youtube7.pcap",1657197174.873653,"tcp-event",58774,443,0,0,0,0,0,1,0,0,0,6,1
1000,3,"/home/strongcourage/maip/src/server/mmt/pcaps/youtube7.pcap",1657197174.875192,"ipv4-event",4,6,1,1657197174.680904,1657197174.875192,20,40,"10.0.2.15","216.58.213.174"
1000,3,"/home/strongcourage/maip/src/server/mmt/pcaps/youtube7.pcap",1657197174.875192,"tcp-event",58774,443,0,1,0,0,0,1,0,0,0,6,1
1000,3,"/home/strongcourage/maip/src/server/mmt/pcaps/youtube7.pcap",1657197174.875497,"ipv4-event",4,6,0,1657197174.680904,1657197174.875497,20,40,"216.58.213.174","10.0.2.15"
1000,3,"/home/strongcourage/maip/src/server/mmt/pcaps/youtube7.pcap",1657197174.875497,"tcp-event",443,58774,0,0,0,0,0,1,0,0,0,6,0
1000,3,"/home/strongcourage/maip/src/server/mmt/pcaps/youtube7.pcap",1657197174.878673,"ipv4-event",4,6,0,1657197174.680904,1657197174.878673,20,40,"216.58.213.174","10.0.2.15"
1000,3,"/home/strongcourage/maip/src/server/mmt/pcaps/youtube7.pcap",1657197174.878673,"tcp-event",443,58774,0,1,0,0,0,1,0,0,0,6,0
1000,3,"/home/strongcourage/maip/src/server/mmt/pcaps/youtube7.pcap",1657197174.878685,"ipv4-event",4,6,1,1657197174.680904,1657197174.878685,20,40,"10.0.2.15","216.58.213.174"
1000,3,"/home/strongcourage/maip/src/server/mmt/pcaps/youtube7.pcap",1657197174.878685,"tcp-event",58774,443,0,0,0,0,0,1,0,0,0,6,1
